{
  "project_info": {
    "project_number": "818597106063",
    "project_id": "starsucks-523e1",
    "storage_bucket": "starsucks-523e1.appspot.com"
  },
  "client": [
    {
      "client_info": {
        "mobilesdk_app_id": "1:818597106063:android:fff3d94476de20361afbfa",
        "android_client_info": {
          "package_name": "com.varsitycollege.starsucks"
        }
      },
      "oauth_client": [
        {
          "client_id": "818597106063-p079co9s0raodiljskv27na5a9fpivme.apps.googleusercontent.com",
          "client_type": 3
        }
      ],
      "api_key": [
        {
          "current_key": "AIzaSyAymR7rz6qlycaLY_6fxYueI7ua5iuIvYU"
        }
      ],
      "services": {
        "appinvite_service": {
          "other_platform_oauth_client": [
            {
              "client_id": "818597106063-p079co9s0raodiljskv27na5a9fpivme.apps.googleusercontent.com",
              "client_type": 3
            }
          ]
        }
      }
    }
  ],
  "configuration_version": "1"
}